unique_id,ds,y,y_hat_naive2
D1,1972-10-03,2039.2,2029.0983307114734
D1,1972-10-04,2035.0,2027.54673615855
D1,1972-10-05,2051.8,2027.6773299677736
D1,1972-10-06,2061.8,2027.2897784122924
D1,1972-10-07,2063.5,2027.1262401673794
D1,1972-10-08,2069.5,2028.7350198856352
D1,1972-10-09,2054.0,2029.7
D1,1972-10-10,2057.0,2029.0983307114734
D1,1972-10-11,2062.8,2027.54673615855
D1,1972-10-12,2066.4,2027.6773299677736
D1,1972-10-13,2067.4,2027.2897784122924
D1,1972-10-14,2071.4,2027.1262401673794
D1,1972-10-15,2083.8,2028.7350198856352
D1,1972-10-16,2080.6,2029.7
D10,1971-11-06,2618.0,2618.203200302585
D10,1971-11-07,2638.6,2620.407829609808
D10,1971-11-08,2648.7,2622.1283942455966
D10,1971-11-09,2656.2,2624.309082672221
D10,1971-11-10,2636.2,2623.85366584232
D10,1971-11-11,2644.2,2621.791863892374
D10,1971-11-12,2672.3,2620.1
D10,1971-11-13,2688.8,2618.203200302585
D10,1971-11-14,2675.3,2620.407829609808
D10,1971-11-15,2672.3,2622.1283942455966
D10,1971-11-16,2623.6,2624.309082672221
D10,1971-11-17,2626.8,2623.85366584232
D10,1971-11-18,2641.7,2621.791863892374
D10,1971-11-19,2589.8,2620.1
D100,1972-10-03,922.67,928.6993561479975
D100,1972-10-04,919.06,930.7714369429289
D100,1972-10-05,921.1,923.371587104262
D100,1972-10-06,920.03,923.4659515512751
D100,1972-10-07,911.36,924.6007544994096
D100,1972-10-08,918.53,925.2019766456185
D100,1972-10-09,913.48,927.38
D100,1972-10-10,927.02,928.6993561479975
D100,1972-10-11,926.92,930.7714369429289
D100,1972-10-12,930.38,923.371587104262
D100,1972-10-13,935.27,923.4659515512751
D100,1972-10-14,928.65,924.6007544994096
D100,1972-10-15,918.45,925.2019766456185
D100,1972-10-16,911.93,927.38
D11,1972-10-03,2440.2,2442.132076200795
D11,1972-10-04,2439.7,2440.865023233898
D11,1972-10-05,2469.3,2435.875912644556
D11,1972-10-06,2434.4,2435.8492007529367
D11,1972-10-07,2438.2,2438.655177028769
D11,1972-10-08,2476.2,2444.3196221593803
D11,1972-10-09,2486.0,2444.5
D11,1972-10-10,2485.9,2442.132076200795
D11,1972-10-11,2458.6,2440.865023233898
D11,1972-10-12,2460.9,2435.875912644556
D11,1972-10-13,2443.9,2435.8492007529367
D11,1972-10-14,2447.3,2438.655177028769
D11,1972-10-15,2440.1,2444.3196221593803
D11,1972-10-16,2481.6,2444.5
D12,1972-10-03,3663.3,3671.155858575178
D12,1972-10-04,3670.6,3670.2617965788936
D12,1972-10-05,3704.1,3670.303980832193
D12,1972-10-06,3695.2,3668.746161073513
D12,1972-10-07,3675.7,3664.1662673171477
D12,1972-10-08,3678.5,3666.2051710165388
D12,1972-10-09,3706.6,3664.3
D12,1972-10-10,3693.7,3671.155858575178
D12,1972-10-11,3695.1,3670.2617965788936
D12,1972-10-12,3684.8,3670.303980832193
D12,1972-10-13,3705.9,3668.746161073513
D12,1972-10-14,3738.1,3664.1662673171477
D12,1972-10-15,3744.2,3666.2051710165388
D12,1972-10-16,3757.4,3664.3
D13,1972-10-03,7208.4,7235.03494890636
D13,1972-10-04,7262.7,7236.663207869852
D13,1972-10-05,7251.2,7231.113147166811
D13,1972-10-06,7320.4,7216.545980094792
D13,1972-10-07,7342.0,7227.44715789018
D13,1972-10-08,7528.6,7232.652021988433
D13,1972-10-09,7600.2,7230.900000000001
D13,1972-10-10,7608.8,7235.03494890636
D13,1972-10-11,7658.5,7236.663207869852
D13,1972-10-12,7639.8,7231.113147166811
D13,1972-10-13,7655.0,7216.545980094792
D13,1972-10-14,7729.7,7227.44715789018
D13,1972-10-15,7741.4,7232.652021988433
D13,1972-10-16,7751.3,7230.900000000001
D14,1972-10-03,5762.9,5683.3972169041535
D14,1972-10-04,5721.8,5682.118123501246
D14,1972-10-05,5789.5,5677.856960068856
D14,1972-10-06,5756.0,5679.315602265713
D14,1972-10-07,5805.8,5675.209018276285
D14,1972-10-08,5908.6,5676.306932747558
D14,1972-10-09,5924.0,5675.1
D14,1972-10-10,5861.3,5683.3972169041535
D14,1972-10-11,5910.9,5682.118123501246
D14,1972-10-12,6040.2,5677.856960068856
D14,1972-10-13,6075.9,5679.315602265713
D14,1972-10-14,6089.3,5675.209018276285
D14,1972-10-15,6108.7,5676.306932747558
D14,1972-10-16,6106.8,5675.1
D15,1972-10-03,7759.3,7949.217459500952
D15,1972-10-04,8354.1,7973.969990583557
D15,1972-10-05,8537.0,7943.8379957262505
D15,1972-10-06,8135.8,7949.407350495176
D15,1972-10-07,8285.0,7928.410918585621
D15,1972-10-08,8410.7,7943.519161116137
D15,1972-10-09,8616.2,7949.9
D15,1972-10-10,8304.8,7949.217459500952
D15,1972-10-11,8406.7,7973.969990583557
D15,1972-10-12,7871.2,7943.8379957262505
D15,1972-10-13,7629.7,7949.407350495176
D15,1972-10-14,7713.5,7928.410918585621
D15,1972-10-15,7595.9,7943.519161116137
D15,1972-10-16,6907.9,7949.9
D16,1972-10-03,3076.1,3083.135937482732
D16,1972-10-04,3009.7,3087.8960045277563
D16,1972-10-05,3069.7,3082.012696754712
D16,1972-10-06,3024.2,3074.1205148939507
D16,1972-10-07,3027.5,3068.035072238492
D16,1972-10-08,3015.3,3076.817095489564
D16,1972-10-09,2998.3,3076.9
D16,1972-10-10,3029.4,3083.135937482732
D16,1972-10-11,3017.0,3087.8960045277563
D16,1972-10-12,3062.8,3082.012696754712
D16,1972-10-13,3047.5,3074.1205148939507
D16,1972-10-14,3010.6,3068.035072238492
D16,1972-10-15,3031.4,3076.817095489564
D16,1972-10-16,3016.6,3076.9
D17,1972-10-03,4058.5,4032.0903820407475
D17,1972-10-04,4094.3,4040.3452679915813
D17,1972-10-05,4075.5,4036.700609568619
D17,1972-10-06,4099.5,4040.4226292653943
D17,1972-10-07,4066.0,4039.0615781721704
D17,1972-10-08,4046.4,4041.9623649808786
D17,1972-10-09,4033.1,4033.7000000000003
D17,1972-10-10,4058.1,4032.0903820407475
D17,1972-10-11,4072.9,4040.3452679915813
D17,1972-10-12,4076.8,4036.700609568619
D17,1972-10-13,4030.1,4040.4226292653943
D17,1972-10-14,4078.5,4039.0615781721704
D17,1972-10-15,4045.0,4041.9623649808786
D17,1972-10-16,4056.0,4033.7000000000003
D18,1972-10-03,9474.1,9528.256631945638
D18,1972-10-04,9498.9,9526.280939234193
D18,1972-10-05,9553.6,9523.207408920776
D18,1972-10-06,9638.7,9540.394576029643
D18,1972-10-07,9817.8,9553.320261642582
D18,1972-10-08,9790.7,9549.261005730767
D18,1972-10-09,9794.5,9538.9
D18,1972-10-10,9677.2,9528.256631945638
D18,1972-10-11,9686.1,9526.280939234193
D18,1972-10-12,9720.6,9523.207408920776
D18,1972-10-13,9727.8,9540.394576029643
D18,1972-10-14,9728.4,9553.320261642582
D18,1972-10-15,9732.6,9549.261005730767
D18,1972-10-16,9739.9,9538.9
D19,1972-10-03,2687.6,2685.6613349376103
D19,1972-10-04,2670.4,2685.735591337247
D19,1972-10-05,2642.7,2685.104230542645
D19,1972-10-06,2630.0,2685.696688070159
D19,1972-10-07,2609.8,2687.3116173518965
D19,1972-10-08,2600.4,2688.398822019096
D19,1972-10-09,2608.3,2683.2
D19,1972-10-10,2613.0,2685.6613349376103
D19,1972-10-11,2613.8,2685.735591337247
D19,1972-10-12,2630.9,2685.104230542645
D19,1972-10-13,2645.3,2685.696688070159
D19,1972-10-14,2666.7,2687.3116173518965
D19,1972-10-15,2667.4,2688.398822019096
D19,1972-10-16,2684.6,2683.2
D2,1972-10-03,2986.0,2969.6892367582172
D2,1972-10-04,3001.2,2968.1773668337323
D2,1972-10-05,2975.9,2968.3361172933824
D2,1972-10-06,2996.1,2968.3830546015
D2,1972-10-07,2981.9,2967.6412140232796
D2,1972-10-08,2985.5,2967.4415974103977
D2,1972-10-09,2975.8,2968.5
D2,1972-10-10,2956.2,2969.6892367582172
D2,1972-10-11,2964.7,2968.1773668337323
D2,1972-10-12,2989.0,2968.3361172933824
D2,1972-10-13,2991.4,2968.3830546015
D2,1972-10-14,3024.9,2967.6412140232796
D2,1972-10-15,3070.8,2967.4415974103977
D2,1972-10-16,3076.9,2968.5
D20,1972-10-03,10787.9,10816.748751655221
D20,1972-10-04,10814.6,10803.663886211225
D20,1972-10-05,10756.0,10802.93508058788
D20,1972-10-06,10715.2,10796.437767748419
D20,1972-10-07,10642.1,10802.071977391724
D20,1972-10-08,10652.2,10822.89414997938
D20,1972-10-09,10674.7,10840.6
D20,1972-10-10,10574.9,10816.748751655221
D20,1972-10-11,10562.9,10803.663886211225
D20,1972-10-12,10540.9,10802.93508058788
D20,1972-10-13,10538.4,10796.437767748419
D20,1972-10-14,10551.1,10802.071977391724
D20,1972-10-15,10556.4,10822.89414997938
D20,1972-10-16,10443.0,10840.6
D21,1972-10-03,2676.1,2669.7547237969743
D21,1972-10-04,2659.0,2668.9580968542987
D21,1972-10-05,2631.4,2671.181259722593
D21,1972-10-06,2618.8,2672.310032482388
D21,1972-10-07,2598.6,2673.800156509657
D21,1972-10-08,2589.4,2675.279985546331
D21,1972-10-09,2597.2,2671.8
D21,1972-10-10,2601.9,2669.7547237969743
D21,1972-10-11,2602.7,2668.9580968542987
D21,1972-10-12,2619.7,2671.181259722593
D21,1972-10-13,2634.0,2672.310032482388
D21,1972-10-14,2655.3,2673.800156509657
D21,1972-10-15,2656.0,2675.279985546331
D21,1972-10-16,2673.1,2671.8
D22,1971-11-05,2844.96,2859.980978204521
D22,1971-11-06,2847.65,2860.3462503688074
D22,1971-11-07,2818.49,2862.3442217707466
D22,1971-11-08,2763.87,2860.92580358361
D22,1971-11-09,2817.68,2858.782649254762
D22,1971-11-10,2865.71,2859.1937590297844
D22,1971-11-11,2847.46,2857.84
D22,1971-11-12,2911.5,2859.980978204521
D22,1971-11-13,2886.79,2860.3462503688074
D22,1971-11-14,2859.11,2862.3442217707466
D22,1971-11-15,2816.4,2860.92580358361
D22,1971-11-16,2826.73,2858.782649254762
D22,1971-11-17,2830.27,2859.1937590297844
D22,1971-11-18,2839.31,2857.84
D23,1971-11-05,1908.26,1927.664745141402
D23,1971-11-06,1910.19,1928.1166124643044
D23,1971-11-07,1890.64,1928.8453680704815
D23,1971-11-08,1903.03,1927.9749136258547
D23,1971-11-09,1929.41,1926.3255557454297
D23,1971-11-10,1950.4,1926.952565705448
D23,1971-11-11,1943.39,1926.19
D23,1971-11-12,1980.09,1927.664745141402
D23,1971-11-13,1976.06,1928.1166124643044
D23,1971-11-14,1971.28,1928.8453680704815
D23,1971-11-15,1960.67,1927.9749136258547
D23,1971-11-16,1975.98,1926.3255557454297
D23,1971-11-17,1969.12,1926.952565705448
D23,1971-11-18,1973.27,1926.19
D24,1971-11-05,2537.8,2551.047726707082
D24,1971-11-06,2540.2,2551.0526980884797
D24,1971-11-07,2514.19,2552.9693448082207
D24,1971-11-08,2465.47,2551.744115121166
D24,1971-11-09,2513.46,2549.917423705801
D24,1971-11-10,2556.31,2550.262825131073
D24,1971-11-11,2534.99,2549.29
D24,1971-11-12,2590.43,2551.047726707082
D24,1971-11-13,2568.45,2551.0526980884797
D24,1971-11-14,2543.82,2552.9693448082207
D24,1971-11-15,2502.47,2551.744115121166
D24,1971-11-16,2511.65,2549.917423705801
D24,1971-11-17,2509.53,2550.262825131073
D24,1971-11-18,2517.54,2549.29
D25,1971-11-05,1580.07,1596.5635866737648
D25,1971-11-06,1582.39,1596.7537525053488
D25,1971-11-07,1566.53,1597.4881937557836
D25,1971-11-08,1576.18,1596.8572590740098
D25,1971-11-09,1598.95,1595.536335525559
D25,1971-11-10,1616.97,1595.9181026172334
D25,1971-11-11,1607.84,1595.45
D25,1971-11-12,1638.86,1596.5635866737648
D25,1971-11-13,1636.45,1596.7537525053488
D25,1971-11-14,1632.13,1597.4881937557836
D25,1971-11-15,1619.24,1596.8572590740098
D25,1971-11-16,1630.03,1595.536335525559
D25,1971-11-17,1619.25,1595.9181026172334
D25,1971-11-18,1624.0,1595.45
D26,1971-11-05,2359.34,2372.41374311192
D26,1971-11-06,2362.63,2372.4438315657208
D26,1971-11-07,2338.95,2374.2969159041477
D26,1971-11-08,2292.74,2373.2503738345645
D26,1971-11-09,2338.71,2371.540812394432
D26,1971-11-10,2379.5,2371.678618953004
D26,1971-11-11,2359.46,2370.8
D26,1971-11-12,2413.5,2372.41374311192
D26,1971-11-13,2394.36,2372.4438315657208
D26,1971-11-14,2370.89,2374.2969159041477
D26,1971-11-15,2329.53,2373.2503738345645
D26,1971-11-16,2335.43,2371.540812394432
D26,1971-11-17,2330.99,2371.678618953004
D26,1971-11-18,2340.36,2370.8
D27,1971-11-05,1702.2,1719.404329205625
D27,1971-11-06,1703.92,1719.5895226185871
D27,1971-11-07,1686.48,1720.3302843230401
D27,1971-11-08,1697.53,1719.581410502257
D27,1971-11-09,1721.07,1718.1687351411858
D27,1971-11-10,1739.78,1718.7123238859533
D27,1971-11-11,1730.1,1718.19
D27,1971-11-12,1761.7,1719.404329205625
D27,1971-11-13,1758.12,1719.5895226185871
D27,1971-11-14,1753.86,1720.3302843230401
D27,1971-11-15,1742.12,1719.581410502257
D27,1971-11-16,1755.72,1718.1687351411858
D27,1971-11-17,1745.95,1718.7123238859533
D27,1971-11-18,1749.62,1718.19
D28,1972-04-29,424.27,423.9158894891988
D28,1972-04-30,424.27,423.4769324612772
D28,1972-05-01,428.16,423.6231444835885
D28,1972-05-02,426.21,423.14622520401707
D28,1972-05-03,429.13,423.3273977565531
D28,1972-05-04,430.1,424.3213741772513
D28,1972-05-05,431.07,424.2699999999999
D28,1972-05-06,431.07,423.9158894891988
D28,1972-05-07,426.21,423.4769324612772
D28,1972-05-08,423.3,423.6231444835885
D28,1972-05-09,421.36,423.14622520401707
D28,1972-05-10,420.39,423.3273977565531
D28,1972-05-11,432.04,424.3213741772513
D28,1972-05-12,420.39,424.2699999999999
D29,1972-10-03,6499.4,6400.2553187387975
D29,1972-10-04,6523.3,6397.7230755711225
D29,1972-10-05,6642.5,6406.31801064646
D29,1972-10-06,6712.1,6410.699467345528
D29,1972-10-07,6698.7,6409.645824872208
D29,1972-10-08,6921.3,6402.395177087977
D29,1972-10-09,6866.3,6409.0
D29,1972-10-10,6794.9,6400.2553187387975
D29,1972-10-11,6901.5,6397.7230755711225
D29,1972-10-12,6814.5,6406.31801064646
D29,1972-10-13,6758.2,6410.699467345528
D29,1972-10-14,6745.7,6409.645824872208
D29,1972-10-15,6756.1,6402.395177087977
D29,1972-10-16,6802.8,6409.0
D3,1970-05-11,1120.7,1120.247969159994
D3,1970-05-12,1117.9,1117.0712408141787
D3,1970-05-13,1115.1,1113.7653421335333
D3,1970-05-14,1112.3,1110.0513149162095
D3,1970-05-15,1109.5,1106.612348919862
D3,1970-05-16,1106.7,1103.2520279190755
D3,1970-05-17,1103.9,1123.5
D3,1970-05-18,1101.1,1120.247969159994
D3,1970-05-19,1098.3,1117.0712408141787
D3,1970-05-20,1095.5,1113.7653421335333
D3,1970-05-21,1092.7,1110.0513149162095
D3,1970-05-22,1089.9,1106.612348919862
D3,1970-05-23,1087.1,1103.2520279190755
D3,1970-05-24,1084.3,1123.5
D30,1972-04-29,609.74,609.235152651194
D30,1972-04-30,609.74,608.7178421052007
D30,1972-05-01,615.32,608.9230289519547
D30,1972-05-02,612.53,608.5190353918165
D30,1972-05-03,616.71,608.5166905881835
D30,1972-05-04,618.11,609.8115422338799
D30,1972-05-05,619.5,609.74
D30,1972-05-06,619.5,609.235152651194
D30,1972-05-07,612.53,608.7178421052007
D30,1972-05-08,608.34,608.9230289519547
D30,1972-05-09,605.55,608.5190353918165
D30,1972-05-10,608.34,608.5166905881835
D30,1972-05-11,625.2,609.8115422338799
D30,1972-05-12,608.34,609.74
D31,1972-10-03,2119.8,2117.7543724370253
D31,1972-10-04,2119.3,2119.1952742533917
D31,1972-10-05,2144.9,2117.428262177703
D31,1972-10-06,2144.9,2117.6412741904096
D31,1972-10-07,2143.9,2126.8313407785026
D31,1972-10-08,2218.6,2126.9824617779404
D31,1972-10-09,2239.6,2119.3
D31,1972-10-10,2242.0,2117.7543724370253
D31,1972-10-11,2243.1,2119.1952742533917
D31,1972-10-12,2237.3,2117.428262177703
D31,1972-10-13,2212.8,2117.6412741904096
D31,1972-10-14,2241.5,2126.8313407785026
D31,1972-10-15,2199.8,2126.9824617779404
D31,1972-10-16,2239.4,2119.3
D32,1972-10-03,1922.6,1920.9855783385997
D32,1972-10-04,1922.2,1922.2214670050378
D32,1972-10-05,1945.4,1920.812227834668
D32,1972-10-06,1945.4,1920.5952147051391
D32,1972-10-07,1944.4,1929.1392425664149
D32,1972-10-08,2012.2,1928.9817994460288
D32,1972-10-09,2031.2,1922.1999999999998
D32,1972-10-10,2033.5,1920.9855783385997
D32,1972-10-11,2034.4,1922.2214670050378
D32,1972-10-12,2029.2,1920.812227834668
D32,1972-10-13,2006.9,1920.5952147051391
D32,1972-10-14,2033.0,1929.1392425664149
D32,1972-10-15,1995.2,1928.9817994460288
D32,1972-10-16,2031.1,1922.1999999999998
D33,1972-10-03,6734.13740398,6746.756384423339
D33,1972-10-04,6733.90187049,6754.256250369716
D33,1972-10-05,6737.28569519,6742.89530440533
D33,1972-10-06,6551.08077732,6745.220939582421
D33,1972-10-07,6564.03023025,6753.41114937266
D33,1972-10-08,6530.25113059,6745.431210518783
D33,1972-10-09,6517.20968759,6748.51930964
D33,1972-10-10,6500.22174582,6746.756384423339
D33,1972-10-11,6493.57487881,6754.256250369716
D33,1972-10-12,6508.06244697,6742.89530440533
D33,1972-10-13,6509.10399012,6745.220939582421
D33,1972-10-14,6477.24833459,6753.41114937266
D33,1972-10-15,6799.52471022,6745.431210518783
D33,1972-10-16,6815.87901279,6748.51930964
D34,1972-10-03,2280.0,2259.561561280597
D34,1972-10-04,2280.0,2250.914662351607
D34,1972-10-05,2298.0,2230.672393719344
D34,1972-10-06,2298.0,2271.0736641280873
D34,1972-10-07,2298.0,2274.3151260992076
D34,1972-10-08,2298.0,2276.6792349274506
D34,1972-10-09,2298.0,2280.0
D34,1972-10-10,2298.0,2259.561561280597
D34,1972-10-11,2298.0,2250.914662351607
D34,1972-10-12,2298.0,2230.672393719344
D34,1972-10-13,2298.0,2271.0736641280873
D34,1972-10-14,2298.0,2274.3151260992076
D34,1972-10-15,2298.0,2276.6792349274506
D34,1972-10-16,2298.0,2280.0
D35,1972-10-03,1662.0,1660.4259039195276
D35,1972-10-04,1662.0,1653.0352428695332
D35,1972-10-05,1662.0,1650.9753948551393
D35,1972-10-06,1662.0,1647.4913913201246
D35,1972-10-07,1560.0,1648.6805410155614
D35,1972-10-08,1560.0,1665.801901775386
D35,1972-10-09,1560.0,1662.0000000000002
D35,1972-10-10,1560.0,1660.4259039195276
D35,1972-10-11,1560.0,1653.0352428695332
D35,1972-10-12,1560.0,1650.9753948551393
D35,1972-10-13,1560.0,1647.4913913201246
D35,1972-10-14,1560.0,1648.6805410155614
D35,1972-10-15,1560.0,1665.801901775386
D35,1972-10-16,1560.0,1662.0000000000002
D36,1972-10-03,3768.0,3772.1667931137167
D36,1972-10-04,3754.25,3767.060918585946
D36,1972-10-05,3740.25,3762.369750051195
D36,1972-10-06,3728.75,3755.0616443647355
D36,1972-10-07,3717.25,3750.9474725341393
D36,1972-10-08,3705.25,3746.463248329027
D36,1972-10-09,3693.25,3780.75
D36,1972-10-10,3681.25,3772.1667931137167
D36,1972-10-11,3669.25,3767.060918585946
D36,1972-10-12,3655.75,3762.369750051195
D36,1972-10-13,3642.25,3755.0616443647355
D36,1972-10-14,3628.75,3750.9474725341393
D36,1972-10-15,3615.25,3746.463248329027
D36,1972-10-16,3601.75,3780.75
D37,1970-05-24,2380.0,2432.9427351323325
D37,1970-05-25,2372.0,2460.032037534195
D37,1970-05-26,2334.0,2451.454632279414
D37,1970-05-27,2271.0,2448.7595149571903
D37,1970-05-28,2275.0,2451.857680665268
D37,1970-05-29,2270.0,2444.435328599976
D37,1970-05-30,2293.0,2446.0
D37,1970-05-31,2279.0,2432.9427351323325
D37,1970-06-01,2254.0,2460.032037534195
D37,1970-06-02,2230.0,2451.454632279414
D37,1970-06-03,2241.0,2448.7595149571903
D37,1970-06-04,2229.0,2451.857680665268
D37,1970-06-05,2220.0,2444.435328599976
D37,1970-06-06,2226.0,2446.0
D38,1970-08-14,2295.0,2293.9106276979082
D38,1970-08-15,2309.0,2305.3498717943626
D38,1970-08-16,2266.0,2293.3106287985493
D38,1970-08-17,2172.0,2309.2722033538275
D38,1970-08-18,2222.0,2298.0201476276993
D38,1970-08-19,2189.0,2292.7025019334974
D38,1970-08-20,2234.0,2294.0
D38,1970-08-21,2215.0,2293.9106276979082
D38,1970-08-22,2253.0,2305.3498717943626
D38,1970-08-23,2287.0,2293.3106287985493
D38,1970-08-24,2290.0,2309.2722033538275
D38,1970-08-25,2287.0,2298.0201476276993
D38,1970-08-26,2289.0,2292.7025019334974
D38,1970-08-27,2284.0,2294.0
D39,1970-09-02,2540.0,2509.4759148912262
D39,1970-09-03,2616.0,2512.8719970236366
D39,1970-09-04,2640.0,2512.8326226763575
D39,1970-09-05,2745.0,2527.929533068455
D39,1970-09-06,2792.0,2518.723569717454
D39,1970-09-07,2772.0,2528.962741702584
D39,1970-09-08,2800.0,2521.0
D39,1970-09-09,2890.0,2509.4759148912262
D39,1970-09-10,3078.0,2512.8719970236366
D39,1970-09-11,3231.0,2512.8326226763575
D39,1970-09-12,3067.0,2527.929533068455
D39,1970-09-13,3089.0,2518.723569717454
D39,1970-09-14,3134.0,2528.962741702584
D39,1970-09-15,3162.0,2521.0
D4,1970-06-19,1190.0,1194.1530924713068
D4,1970-06-20,1162.0,1198.4036700672712
D4,1970-06-21,1134.0,1202.7385696058122
D4,1970-06-22,1106.0,1198.4928597453882
D4,1970-06-23,1078.0,1183.6097879678234
D4,1970-06-24,1050.0,1190.3281583392331
D4,1970-06-25,1022.0,1218.0
D4,1970-06-26,994.0,1194.1530924713068
D4,1970-06-27,966.0,1198.4036700672712
D4,1970-06-28,938.0,1202.7385696058122
D4,1970-06-29,910.0,1198.4928597453882
D4,1970-06-30,1428.0,1183.6097879678234
D4,1970-07-01,1400.0,1190.3281583392331
D4,1970-07-02,1372.0,1218.0
D40,1970-06-15,3885.0,3890.842264626653
D40,1970-06-16,3802.0,3896.648396497469
D40,1970-06-17,3775.0,3908.83479620769
D40,1970-06-18,3778.0,3890.6481458165013
D40,1970-06-19,3781.0,3880.7363959102613
D40,1970-06-20,3784.0,3869.291257351793
D40,1970-06-21,3639.0,3893.0
D40,1970-06-22,3683.0,3890.842264626653
D40,1970-06-23,3695.0,3896.648396497469
D40,1970-06-24,3588.0,3908.83479620769
D40,1970-06-25,3658.0,3890.6481458165013
D40,1970-06-26,3700.0,3880.7363959102613
D40,1970-06-27,3675.0,3869.291257351793
D40,1970-06-28,3929.0,3893.0
D41,1970-08-28,6431.5,6531.1839403427275
D41,1970-08-29,6545.1,6535.6651196093
D41,1970-08-30,6695.5,6497.656597550755
D41,1970-08-31,6655.5,6510.854560967522
D41,1970-09-01,6659.3,6507.890658420305
D41,1970-09-02,6685.9,6504.988584926993
D41,1970-09-03,6676.5,6512.5
D41,1970-09-04,6651.9,6531.1839403427275
D41,1970-09-05,6650.7,6535.6651196093
D41,1970-09-06,6706.0,6497.656597550755
D41,1970-09-07,6694.7,6510.854560967522
D41,1970-09-08,6706.4,6507.890658420305
D41,1970-09-09,6706.4,6504.988584926993
D41,1970-09-10,6706.4,6512.5
D42,1970-09-20,6895.0,7001.262327576681
D42,1970-09-21,6901.1,6975.753644121548
D42,1970-09-22,6985.2,6977.00444072218
D42,1970-09-23,6957.0,6992.195689880355
D42,1970-09-24,6998.4,6998.56944516701
D42,1970-09-25,7017.7,6979.851971708515
D42,1970-09-26,7017.6,6988.6
D42,1970-09-27,7036.8,7001.262327576681
D42,1970-09-28,7071.5,6975.753644121548
D42,1970-09-29,7040.4,6977.00444072218
D42,1970-09-30,7041.0,6992.195689880355
D42,1970-10-01,7034.1,6998.56944516701
D42,1970-10-02,7034.1,6979.851971708515
D42,1970-10-03,7034.1,6988.6
D43,1970-08-08,1120.1,1127.7188739379685
D43,1970-08-09,1126.2,1128.835739748819
D43,1970-08-10,1120.6,1127.130451924997
D43,1970-08-11,1103.5,1126.2447903445084
D43,1970-08-12,1100.3,1126.6478987165422
D43,1970-08-13,1102.2,1125.949327132309
D43,1970-08-14,1117.8,1126.7
D43,1970-08-15,1126.8,1127.7188739379685
D43,1970-08-16,1126.5,1128.835739748819
D43,1970-08-17,1141.8,1127.130451924997
D43,1970-08-18,1152.0,1126.2447903445084
D43,1970-08-19,1151.0,1126.6478987165422
D43,1970-08-20,1157.0,1125.949327132309
D43,1970-08-21,1162.5,1126.7
D44,1972-10-03,8550.0,8579.629449806567
D44,1972-10-04,8558.0,8578.573585950544
D44,1972-10-05,8608.0,8575.984360966113
D44,1972-10-06,8588.0,8574.590509205762
D44,1972-10-07,8600.0,8574.513158379092
D44,1972-10-08,8580.0,8577.874712537496
D44,1972-10-09,8595.0,8580.0
D44,1972-10-10,8623.0,8579.629449806567
D44,1972-10-11,8630.0,8578.573585950544
D44,1972-10-12,8690.0,8575.984360966113
D44,1972-10-13,8830.0,8574.590509205762
D44,1972-10-14,8785.0,8574.513158379092
D44,1972-10-15,8910.0,8577.874712537496
D44,1972-10-16,8933.0,8580.0
D45,1970-08-13,1103.2,1120.6960721848152
D45,1970-08-14,1095.7,1118.9903277495816
D45,1970-08-15,1083.8,1120.0781791048125
D45,1970-08-16,1092.0,1121.8512057239768
D45,1970-08-17,1092.0,1122.16199874306
D45,1970-08-18,1086.0,1118.5781955233704
D45,1970-08-19,1079.5,1120.1
D45,1970-08-20,1071.7,1120.6960721848152
D45,1970-08-21,1069.1,1118.9903277495816
D45,1970-08-22,1083.6,1120.0781791048125
D45,1970-08-23,1076.0,1121.8512057239768
D45,1970-08-24,1084.6,1122.16199874306
D45,1970-08-25,1104.0,1118.5781955233704
D45,1970-08-26,1110.6,1120.1
D46,1970-04-08,10198.0,10185.968364529783
D46,1970-04-09,10034.0,10183.018178906897
D46,1970-04-10,9904.0,10154.001597350365
D46,1970-04-11,10034.0,10154.627360208076
D46,1970-04-12,10015.0,10207.371475426153
D46,1970-04-13,9899.0,10212.067719668281
D46,1970-04-14,9820.0,10167.0
D46,1970-04-15,9823.0,10185.968364529783
D46,1970-04-16,9847.0,10183.018178906897
D46,1970-04-17,9933.0,10154.001597350365
D46,1970-04-18,9932.0,10154.627360208076
D46,1970-04-19,9932.0,10207.371475426153
D46,1970-04-20,9785.0,10212.067719668281
D46,1970-04-21,9465.0,10167.0
D47,1970-06-10,1025.5,1012.6031877993497
D47,1970-06-11,1029.4,1012.966120074139
D47,1970-06-12,1040.3,1011.7763260228174
D47,1970-06-13,1046.3,1013.267955279787
D47,1970-06-14,1046.0,1016.2677542951574
D47,1970-06-15,1060.0,1014.1193196817135
D47,1970-06-16,1065.0,1009.6
D47,1970-06-17,1065.9,1012.6031877993497
D47,1970-06-18,1068.0,1012.966120074139
D47,1970-06-19,1073.7,1011.7763260228174
D47,1970-06-20,1067.6,1013.267955279787
D47,1970-06-21,1072.0,1016.2677542951574
D47,1970-06-22,1075.7,1014.1193196817135
D47,1970-06-23,1071.9,1009.6
D48,1971-08-25,10410.0,10348.224656580398
D48,1971-08-26,10409.0,10349.990411779965
D48,1971-08-27,10406.0,10351.274839264563
D48,1971-08-28,10286.0,10558.681634454246
D48,1971-08-29,10268.0,10517.224783201942
D48,1971-08-30,10279.0,10485.238500264863
D48,1971-08-31,10435.0,10467.0
D48,1971-09-01,10501.0,10348.224656580398
D48,1971-09-02,10518.0,10349.990411779965
D48,1971-09-03,10650.0,10351.274839264563
D48,1971-09-04,10709.0,10558.681634454246
D48,1971-09-05,10689.0,10517.224783201942
D48,1971-09-06,10750.0,10485.238500264863
D48,1971-09-07,10779.0,10467.0
D49,1971-06-29,11007.0,11015.340581972361
D49,1971-06-30,11036.0,10987.270007089177
D49,1971-07-01,11008.0,11174.910786558956
D49,1971-07-02,10860.0,11324.370965043448
D49,1971-07-03,10835.0,11259.485098442903
D49,1971-07-04,10850.0,11168.913502161166
D49,1971-07-05,11008.0,11070.0
D49,1971-07-06,11088.0,11015.340581972361
D49,1971-07-07,11095.0,10987.270007089177
D49,1971-07-08,11241.0,11174.910786558956
D49,1971-07-09,11322.0,11324.370965043448
D49,1971-07-10,11306.0,11259.485098442903
D49,1971-07-11,11370.0,11168.913502161166
D49,1971-07-12,11411.0,11070.0
D5,1970-06-06,5904.67,5905.951771140826
D5,1970-06-07,5917.05,5954.708284954357
D5,1970-06-08,5922.58,5967.510121108569
D5,1970-06-09,5928.8,6004.13627216745
D5,1970-06-10,5935.29,5910.673290507123
D5,1970-06-11,6002.8,5870.175842678143
D5,1970-06-12,6009.47,5868.55
D5,1970-06-13,6014.82,5905.951771140826
D5,1970-06-14,6020.19,5954.708284954357
D5,1970-06-15,6072.49,5967.510121108569
D5,1970-06-16,6077.72,6004.13627216745
D5,1970-06-17,6080.23,5910.673290507123
D5,1970-06-18,6082.75,5870.175842678143
D5,1970-06-19,6108.07,5868.55
D50,1972-05-10,9964.0,9931.542705156358
D50,1972-05-11,9828.0,10053.458354575941
D50,1972-05-12,9725.0,10029.796955290587
D50,1972-05-13,9848.0,10014.225687132126
D50,1972-05-14,9955.0,9940.614518357519
D50,1972-05-15,9744.0,9933.583246036733
D50,1972-05-16,9748.0,9930.0
D50,1972-05-17,9731.0,9931.542705156358
D50,1972-05-18,9739.0,10053.458354575941
D50,1972-05-19,9798.0,10029.796955290587
D50,1972-05-20,9779.0,10014.225687132126
D50,1972-05-21,9779.0,9940.614518357519
D50,1972-05-22,9526.0,9933.583246036733
D50,1972-05-23,9402.0,9930.0
D51,1970-04-08,1027.0,1025.972689674794
D51,1970-04-09,1011.7,1024.7379673623539
D51,1970-04-10,999.9,1023.6259050120543
D51,1970-04-11,1012.8,1023.4769531066775
D51,1970-04-12,1012.2,1027.9445563504946
D51,1970-04-13,1000.6,1028.1644639558908
D51,1970-04-14,996.8,1023.7000000000002
D51,1970-04-15,996.1,1025.972689674794
D51,1970-04-16,997.7,1024.7379673623539
D51,1970-04-17,1004.9,1023.6259050120543
D51,1970-04-18,1004.0,1023.4769531066775
D51,1970-04-19,1004.0,1027.9445563504946
D51,1970-04-20,975.2,1028.1644639558908
D51,1970-04-21,961.1,1023.7000000000002
D52,1970-08-08,2845.0,2898.6338742245553
D52,1970-08-09,2862.5,2898.3137665651543
D52,1970-08-10,2852.9,2901.1625650895385
D52,1970-08-11,2766.5,2892.6758902118627
D52,1970-08-12,2834.0,2891.957414111381
D52,1970-08-13,2822.8,2897.7420579997884
D52,1970-08-14,2900.0,2895.7
D52,1970-08-15,2918.4,2898.6338742245553
D52,1970-08-16,2876.2,2898.3137665651543
D52,1970-08-17,2935.2,2901.1625650895385
D52,1970-08-18,2908.0,2892.6758902118627
D52,1970-08-19,2927.0,2891.957414111381
D52,1970-08-20,2954.1,2897.7420579997884
D52,1970-08-21,2896.9,2895.7
D53,1970-08-13,1090.4,1106.156631984298
D53,1970-08-14,1083.8,1105.279827814281
D53,1970-08-15,1074.0,1106.10365120413
D53,1970-08-16,1081.0,1107.4091340500886
D53,1970-08-17,1081.0,1107.455791104909
D53,1970-08-18,1075.3,1105.1304830451452
D53,1970-08-19,1069.8,1107.1
D53,1970-08-20,1059.7,1106.156631984298
D53,1970-08-21,1058.0,1105.279827814281
D53,1970-08-22,1071.5,1106.10365120413
D53,1970-08-23,1064.0,1107.4091340500886
D53,1970-08-24,1072.5,1107.455791104909
D53,1970-08-25,1091.0,1105.1304830451452
D53,1970-08-26,1096.9,1107.1
D54,1970-08-13,2809.5,2816.3653878954915
D54,1970-08-14,2804.6,2818.495004532513
D54,1970-08-15,2801.6,2820.2805216598726
D54,1970-08-16,2825.0,2822.609274850024
D54,1970-08-17,2825.0,2820.628871813602
D54,1970-08-18,2825.0,2819.0194533584436
D54,1970-08-19,2793.7,2817.7
D54,1970-08-20,2786.3,2816.3653878954915
D54,1970-08-21,2789.1,2818.495004532513
D54,1970-08-22,2805.6,2820.2805216598726
D54,1970-08-23,2799.5,2822.609274850024
D54,1970-08-24,2842.0,2820.628871813602
D54,1970-08-25,2838.8,2819.0194533584436
D54,1970-08-26,2845.0,2817.7
D55,1972-10-03,1074.375,1079.7522731034655
D55,1972-10-04,1082.1875,1080.0386661903005
D55,1972-10-05,1083.4375,1081.8328133227851
D55,1972-10-06,1080.625,1084.4334467809829
D55,1972-10-07,1078.75,1075.0274183819054
D55,1972-10-08,1071.25,1076.6508592788864
D55,1972-10-09,1071.5625,1077.1875
D55,1972-10-10,1067.8125,1079.7522731034655
D55,1972-10-11,1073.125,1080.0386661903005
D55,1972-10-12,1074.6875,1081.8328133227851
D55,1972-10-13,1075.0,1084.4334467809829
D55,1972-10-14,1077.5,1075.0274183819054
D55,1972-10-15,1075.625,1076.6508592788864
D55,1972-10-16,1074.6875,1077.1875
D56,1972-08-14,10373.0,10641.315339529921
D56,1972-08-15,10318.0,10618.069811713367
D56,1972-08-16,10244.0,10602.515333757825
D56,1972-08-17,10300.0,10535.301229227718
D56,1972-08-18,10300.0,10528.770450938584
D56,1972-08-19,10247.0,10528.577412144958
D56,1972-08-20,10204.0,10533.0
D56,1972-08-21,10086.0,10641.315339529921
D56,1972-08-22,10077.0,10618.069811713367
D56,1972-08-23,10198.0,10602.515333757825
D56,1972-08-24,10120.0,10535.301229227718
D56,1972-08-25,10208.0,10528.770450938584
D56,1972-08-26,10378.0,10528.577412144958
D56,1972-08-27,10428.0,10533.0
D57,1970-08-08,1698.1,1717.0189178363307
D57,1970-08-09,1717.4,1717.1854616932337
D57,1970-08-10,1706.6,1717.5024342658403
D57,1970-08-11,1667.6,1712.7736266896318
D57,1970-08-12,1680.5,1713.9373849570998
D57,1970-08-13,1677.2,1714.488945882828
D57,1970-08-14,1698.0,1715.6
D57,1970-08-15,1720.5,1717.0189178363307
D57,1970-08-16,1723.5,1717.1854616932337
D57,1970-08-17,1742.4,1717.5024342658403
D57,1970-08-18,1742.4,1712.7736266896318
D57,1970-08-19,1752.8,1713.9373849570998
D57,1970-08-20,1761.0,1714.488945882828
D57,1970-08-21,1764.1,1715.6
D58,1970-08-08,1664.8,1675.542359383895
D58,1970-08-09,1677.4,1678.14532576583
D58,1970-08-10,1678.1,1672.9175523750107
D58,1970-08-11,1654.7,1669.8278260386026
D58,1970-08-12,1661.0,1668.943890865657
D58,1970-08-13,1668.3,1670.182801414224
D58,1970-08-14,1689.0,1675.0
D58,1970-08-15,1702.3,1675.542359383895
D58,1970-08-16,1704.1,1678.14532576583
D58,1970-08-17,1717.2,1672.9175523750107
D58,1970-08-18,1729.1,1669.8278260386026
D58,1970-08-19,1738.5,1668.943890865657
D58,1970-08-20,1743.0,1670.182801414224
D58,1970-08-21,1751.8,1675.0
D59,1970-06-05,4850.0,4905.0576974186315
D59,1970-06-06,4757.5,4913.873641009152
D59,1970-06-07,4880.0,4912.65085820346
D59,1970-06-08,4917.5,4906.353428921411
D59,1970-06-09,4980.0,4906.842623600732
D59,1970-06-10,5000.0,4911.2718936943975
D59,1970-06-11,5010.0,4910.0
D59,1970-06-12,5030.0,4905.0576974186315
D59,1970-06-13,5012.5,4913.873641009152
D59,1970-06-14,5055.0,4912.65085820346
D59,1970-06-15,5027.5,4906.353428921411
D59,1970-06-16,5070.0,4906.842623600732
D59,1970-06-17,5095.0,4911.2718936943975
D59,1970-06-18,5184.7,4910.0
D6,1972-10-03,3182.0525,3111.6337927226896
D6,1972-10-04,3147.0985,3111.976486515332
D6,1972-10-05,3143.8503,3110.7212599095565
D6,1972-10-06,3128.2005,3108.3072231696483
D6,1972-10-07,3229.8279,3101.3104035121937
D6,1972-10-08,3263.2599,3099.280620171411
D6,1972-10-09,3303.5956,3103.2814
D6,1972-10-10,3314.0879,3111.6337927226896
D6,1972-10-11,3335.8389,3111.976486515332
D6,1972-10-12,3314.8839,3110.7212599095565
D6,1972-10-13,3403.4529,3108.3072231696483
D6,1972-10-14,3424.7502,3101.3104035121937
D6,1972-10-15,3280.184,3099.280620171411
D6,1972-10-16,3338.7257,3103.2814
D60,1971-04-02,4070.0,4060.3691687318023
D60,1971-04-03,4050.0,4055.1436582761344
D60,1971-04-04,4075.0,4113.513134203519
D60,1971-04-05,4090.0,4104.585857126281
D60,1971-04-06,4075.0,4097.534098196259
D60,1971-04-07,4050.0,4084.319310212884
D60,1971-04-08,4030.0,4070.0000000000005
D60,1971-04-09,4082.5,4060.3691687318023
D60,1971-04-10,4092.5,4055.1436582761344
D60,1971-04-11,4075.0,4113.513134203519
D60,1971-04-12,4085.0,4104.585857126281
D60,1971-04-13,4095.0,4097.534098196259
D60,1971-04-14,4060.0,4084.319310212884
D60,1971-04-15,4096.6,4070.0000000000005
D61,1970-06-05,3625.0,3665.6875825488783
D61,1970-06-06,3640.0,3672.343075877056
D61,1970-06-07,3630.0,3670.053583866973
D61,1970-06-08,3630.0,3693.515795380582
D61,1970-06-09,3590.0,3686.0671133335027
D61,1970-06-10,3580.0,3674.23985230038
D61,1970-06-11,3575.0,3670.0
D61,1970-06-12,3620.0,3665.6875825488783
D61,1970-06-13,3675.0,3672.343075877056
D61,1970-06-14,3665.0,3670.053583866973
D61,1970-06-15,3595.0,3693.515795380582
D61,1970-06-16,3610.0,3686.0671133335027
D61,1970-06-17,3600.0,3674.23985230038
D61,1970-06-18,3594.5,3670.0
D62,1970-05-12,5565.5,5680.816040184825
D62,1970-05-13,5455.0,5670.116076572818
D62,1970-05-14,5450.0,5687.491112458831
D62,1970-05-15,5467.0,5676.515743021321
D62,1970-05-16,5454.5,5682.508476119273
D62,1970-05-17,5455.0,5667.987154200096
D62,1970-05-18,5495.0,5659.0
D62,1970-05-19,5505.0,5680.816040184825
D62,1970-05-20,5470.0,5670.116076572818
D62,1970-05-21,5250.0,5687.491112458831
D62,1970-05-22,5220.0,5676.515743021321
D62,1970-05-23,5217.5,5682.508476119273
D62,1970-05-24,5242.5,5667.987154200096
D62,1970-05-25,5106.8,5659.0
D63,1970-06-25,4750.0,4704.9757316474825
D63,1970-06-26,4750.0,4698.470568581472
D63,1970-06-27,4780.0,4700.828797257967
D63,1970-06-28,4770.0,4701.75178988767
D63,1970-06-29,4755.0,4708.717673807304
D63,1970-06-30,4795.0,4702.3202090395225
D63,1970-07-01,4865.0,4707.5
D63,1970-07-02,4870.0,4704.9757316474825
D63,1970-07-03,4830.0,4698.470568581472
D63,1970-07-04,4815.0,4700.828797257967
D63,1970-07-05,4894.0,4701.75178988767
D63,1970-07-06,4867.5,4708.717673807304
D63,1970-07-07,4865.0,4702.3202090395225
D63,1970-07-08,4908.7,4707.5
D64,1972-10-03,1040.5,1056.228072258572
D64,1972-10-04,1010.0,1058.79629502177
D64,1972-10-05,1025.0,1059.2719257355393
D64,1972-10-06,1010.0,1057.3955939014586
D64,1972-10-07,995.5,1055.6164450538874
D64,1972-10-08,1026.0,1053.7712939643177
D64,1972-10-09,1069.0,1055.5
D64,1972-10-10,1093.0,1056.228072258572
D64,1972-10-11,1108.5,1058.79629502177
D64,1972-10-12,1150.0,1059.2719257355393
D64,1972-10-13,1193.0,1057.3955939014586
D64,1972-10-14,1192.5,1055.6164450538874
D64,1972-10-15,1179.0,1053.7712939643177
D64,1972-10-16,1099.5,1055.5
D65,1970-06-27,3500.0,3540.722167497992
D65,1970-06-28,3475.0,3529.918697167698
D65,1970-06-29,3485.0,3528.1990828956864
D65,1970-06-30,3490.0,3525.8946275455505
D65,1970-07-01,3500.0,3525.7002524562827
D65,1970-07-02,3525.0,3524.725290687613
D65,1970-07-03,3545.0,3550.0
D65,1970-07-04,3667.5,3540.722167497992
D65,1970-07-05,3690.0,3529.918697167698
D65,1970-07-06,3720.0,3528.1990828956864
D65,1970-07-07,3815.0,3525.8946275455505
D65,1970-07-08,3705.0,3525.7002524562827
D65,1970-07-09,3685.0,3524.725290687613
D65,1970-07-10,3729.0,3550.0
D66,1972-10-03,1394.5,1399.0482836651877
D66,1972-10-04,1394.5,1402.6958112319899
D66,1972-10-05,1430.0,1398.4975855902824
D66,1972-10-06,1425.0,1396.3993202561762
D66,1972-10-07,1411.5,1395.6876067689016
D66,1972-10-08,1411.5,1394.8234639201664
D66,1972-10-09,1390.5,1395.5
D66,1972-10-10,1388.5,1399.0482836651877
D66,1972-10-11,1416.0,1402.6958112319899
D66,1972-10-12,1419.0,1398.4975855902824
D66,1972-10-13,1432.5,1396.3993202561762
D66,1972-10-14,1467.5,1395.6876067689016
D66,1972-10-15,1407.0,1394.8234639201664
D66,1972-10-16,1435.0,1395.5
D67,1970-06-04,5273.0,5143.096987490812
D67,1970-06-05,5335.0,5156.476681952674
D67,1970-06-06,5340.0,5145.39789552154
D67,1970-06-07,5240.0,5139.74508601777
D67,1970-06-08,5135.0,5150.931679266734
D67,1970-06-09,5115.0,5148.70396215533
D67,1970-06-10,5195.0,5150.0
D67,1970-06-11,5210.0,5143.096987490812
D67,1970-06-12,5265.0,5156.476681952674
D67,1970-06-13,5340.5,5145.39789552154
D67,1970-06-14,5307.0,5139.74508601777
D67,1970-06-15,5420.0,5150.931679266734
D67,1970-06-16,5390.0,5148.70396215533
D67,1970-06-17,5378.1,5150.0
D68,1970-05-15,5465.0,5519.071860754371
D68,1970-05-16,5477.5,5515.310051264247
D68,1970-05-17,5380.0,5509.537495659802
D68,1970-05-18,5442.5,5497.54665480705
D68,1970-05-19,5480.0,5502.865771322519
D68,1970-05-20,5432.5,5502.536430025218
D68,1970-05-21,5402.5,5530.0
D68,1970-05-22,5490.0,5519.071860754371
D68,1970-05-23,5620.0,5515.310051264247
D68,1970-05-24,5562.5,5509.537495659802
D68,1970-05-25,5557.5,5497.54665480705
D68,1970-05-26,5700.0,5502.865771322519
D68,1970-05-27,5695.0,5502.536430025218
D68,1970-05-28,5719.0,5530.0
D69,1970-06-28,3950.0,3957.5
D69,1970-06-29,3962.5,3957.5
D69,1970-06-30,3942.5,3957.5
D69,1970-07-01,3941.5,3957.5
D69,1970-07-02,3955.0,3957.5
D69,1970-07-03,3975.0,3957.5
D69,1970-07-04,3877.5,3957.5
D69,1970-07-05,3840.0,3957.5
D69,1970-07-06,3800.0,3957.5
D69,1970-07-07,3802.5,3957.5
D69,1970-07-08,3790.0,3957.5
D69,1970-07-09,3810.0,3957.5
D69,1970-07-10,3780.0,3957.5
D69,1970-07-11,3866.3,3957.5
D7,1972-10-03,5860.008,5229.862295531259
D7,1972-10-04,7773.246,5263.870681709097
D7,1972-10-05,9477.872,5259.753088744926
D7,1972-10-06,8209.099,5281.575282803402
D7,1972-10-07,7421.236,5275.319220954698
D7,1972-10-08,6677.597,5225.861547173182
D7,1972-10-09,8235.998,5249.279
D7,1972-10-10,7850.555,5229.862295531259
D7,1972-10-11,7280.313,5263.870681709097
D7,1972-10-12,6888.883,5259.753088744926
D7,1972-10-13,3432.246,5281.575282803402
D7,1972-10-14,4800.447,5275.319220954698
D7,1972-10-15,4021.873,5225.861547173182
D7,1972-10-16,3483.457,5249.279
D70,1972-10-03,4047.5,4024.9039319064696
D70,1972-10-04,4075.0,4045.2925812778094
D70,1972-10-05,4031.5,4041.9466203092798
D70,1972-10-06,4031.5,4036.270526691927
D70,1972-10-07,4070.0,4033.4242155464244
D70,1972-10-08,4040.0,4029.8739217380066
D70,1972-10-09,4087.5,4024.9999999999995
D70,1972-10-10,4025.0,4024.9039319064696
D70,1972-10-11,3980.0,4045.2925812778094
D70,1972-10-12,3930.0,4041.9466203092798
D70,1972-10-13,3947.5,4036.270526691927
D70,1972-10-14,3955.0,4033.4242155464244
D70,1972-10-15,3902.5,4029.8739217380066
D70,1972-10-16,3918.0,4024.9999999999995
D71,1970-06-10,2545.8,2530.7906107479084
D71,1970-06-11,2572.5,2529.5774093254477
D71,1970-06-12,2577.6,2530.450967445038
D71,1970-06-13,2579.4,2533.4359458922777
D71,1970-06-14,2608.0,2535.721945903266
D71,1970-06-15,2624.5,2535.5049538363087
D71,1970-06-16,2631.7,2530.3
D71,1970-06-17,2626.0,2530.7906107479084
D71,1970-06-18,2629.3,2529.5774093254477
D71,1970-06-19,2638.7,2530.450967445038
D71,1970-06-20,2652.3,2533.4359458922777
D71,1970-06-21,2686.9,2535.721945903266
D71,1970-06-22,2687.9,2535.5049538363087
D71,1970-06-23,2690.58,2530.3
D72,1970-08-08,1905.4,1921.6414870882134
D72,1970-08-09,1920.6,1921.0856139916666
D72,1970-08-10,1907.8,1921.3840586559438
D72,1970-08-11,1864.8,1916.4302357993897
D72,1970-08-12,1874.7,1917.3555270865347
D72,1970-08-13,1870.1,1918.2651983179655
D72,1970-08-14,1892.1,1919.6
D72,1970-08-15,1912.9,1921.6414870882134
D72,1970-08-16,1915.2,1921.0856139916666
D72,1970-08-17,1937.7,1921.3840586559438
D72,1970-08-18,1935.8,1916.4302357993897
D72,1970-08-19,1945.0,1917.3555270865347
D72,1970-08-20,1957.1,1918.2651983179655
D72,1970-08-21,1956.6,1919.6
D73,1970-06-10,1032.0,1019.8417142453592
D73,1970-06-11,1034.2,1019.7170894336803
D73,1970-06-12,1041.7,1019.6371437920395
D73,1970-06-13,1046.8,1020.6461139836683
D73,1970-06-14,1045.0,1023.0770127921047
D73,1970-06-15,1058.0,1021.1730213982505
D73,1970-06-16,1063.0,1017.6000000000001
D73,1970-06-17,1062.4,1019.8417142453592
D73,1970-06-18,1065.0,1019.7170894336803
D73,1970-06-19,1071.5,1019.6371437920395
D73,1970-06-20,1066.5,1020.6461139836683
D73,1970-06-21,1071.3,1023.0770127921047
D73,1970-06-22,1077.4,1021.1730213982505
D73,1970-06-23,1074.5,1017.6000000000001
D74,1970-04-08,1670.4,1669.2633542745803
D74,1970-04-09,1670.4,1670.584997829985
D74,1970-04-10,1670.4,1667.156972708836
D74,1970-04-11,1670.4,1675.4047942118884
D74,1970-04-12,1670.4,1680.4577186381887
D74,1970-04-13,1670.4,1677.3526818324365
D74,1970-04-14,1670.4,1670.4000000000003
D74,1970-04-15,1670.4,1669.2633542745803
D74,1970-04-16,1670.4,1670.584997829985
D74,1970-04-17,1670.4,1667.156972708836
D74,1970-04-18,1670.4,1675.4047942118884
D74,1970-04-19,1670.4,1680.4577186381887
D74,1970-04-20,1670.4,1677.3526818324365
D74,1970-04-21,1563.46,1670.4000000000003
D75,1970-06-10,1649.1,1639.9669703286836
D75,1970-06-11,1657.1,1641.8901863805308
D75,1970-06-12,1668.9,1640.64181204647
D75,1970-06-13,1679.7,1647.298249539799
D75,1970-06-14,1692.0,1650.0444959830106
D75,1970-06-15,1690.6,1650.797954166094
D75,1970-06-16,1697.9,1640.8
D75,1970-06-17,1681.7,1639.9669703286836
D75,1970-06-18,1680.5,1641.8901863805308
D75,1970-06-19,1694.8,1640.64181204647
D75,1970-06-20,1701.8,1647.298249539799
D75,1970-06-21,1699.0,1650.0444959830106
D75,1970-06-22,1717.7,1650.797954166094
D75,1970-06-23,1698.19,1640.8
D76,1970-04-08,1797.4,1805.9410233419464
D76,1970-04-09,1773.9,1804.4869058000431
D76,1970-04-10,1789.5,1804.797502437481
D76,1970-04-11,1809.8,1808.8352559585755
D76,1970-04-12,1810.5,1812.4796080629328
D76,1970-04-13,1791.8,1811.1893651581086
D76,1970-04-14,1779.1,1805.8999999999999
D76,1970-04-15,1805.4,1805.9410233419464
D76,1970-04-16,1793.5,1804.4869058000431
D76,1970-04-17,1793.5,1804.797502437481
D76,1970-04-18,1793.5,1808.8352559585755
D76,1970-04-19,1793.5,1812.4796080629328
D76,1970-04-20,1793.5,1811.1893651581086
D76,1970-04-21,1764.27,1805.8999999999999
D77,1970-08-13,1929.5,1934.3074477462585
D77,1970-08-14,1928.7,1935.8507528741047
D77,1970-08-15,1915.0,1938.1678392254112
D77,1970-08-16,1940.0,1940.724132283029
D77,1970-08-17,1940.0,1938.182594287384
D77,1970-08-18,1937.0,1936.9783620088153
D77,1970-08-19,1913.4,1935.8
D77,1970-08-20,1905.3,1934.3074477462585
D77,1970-08-21,1904.6,1935.8507528741047
D77,1970-08-22,1917.5,1938.1678392254112
D77,1970-08-23,1911.0,1940.724132283029
D77,1970-08-24,1944.4,1938.182594287384
D77,1970-08-25,1943.0,1936.9783620088153
D77,1970-08-26,1945.62,1935.8
D78,1970-08-13,3159.3,3189.2859339062943
D78,1970-08-14,3155.2,3193.8135400536216
D78,1970-08-15,3164.4,3193.0284094102526
D78,1970-08-16,3197.7,3196.690120196484
D78,1970-08-17,3223.6,3192.227076461154
D78,1970-08-18,3229.6,3185.820916409517
D78,1970-08-19,3157.7,3191.7
D78,1970-08-20,3155.6,3189.2859339062943
D78,1970-08-21,3159.3,3193.8135400536216
D78,1970-08-22,3173.2,3193.0284094102526
D78,1970-08-23,3170.9,3196.690120196484
D78,1970-08-24,3181.1,3192.227076461154
D78,1970-08-25,3189.6,3185.820916409517
D78,1970-08-26,3160.71,3191.7
D79,1970-06-10,10005.0,9899.460554557161
D79,1970-06-11,10008.0,9893.053221170929
D79,1970-06-12,10047.0,9891.816046295802
D79,1970-06-13,10088.0,9895.296109889377
D79,1970-06-14,10060.0,9921.03788973926
D79,1970-06-15,10190.0,9900.597837021147
D79,1970-06-16,10210.0,9880.0
D79,1970-06-17,10198.0,9899.460554557161
D79,1970-06-18,10230.0,9893.053221170929
D79,1970-06-19,10299.0,9891.816046295802
D79,1970-06-20,10260.0,9895.296109889377
D79,1970-06-21,10311.0,9921.03788973926
D79,1970-06-22,10394.0,9900.597837021147
D79,1970-06-23,10375.0,9880.0
D8,1972-09-26,1732.2,1731.5270076365764
D8,1972-09-27,1731.83,1733.26872895272
D8,1972-09-28,1739.17,1735.0643940378595
D8,1972-09-29,1741.8,1734.6031286388263
D8,1972-09-30,1738.5,1733.134260949184
D8,1972-10-01,1748.94,1731.2642581123564
D8,1972-10-02,1746.31,1732.04
D8,1972-10-03,1754.05,1731.5270076365764
D8,1972-10-04,1750.33,1733.26872895272
D8,1972-10-05,1735.54,1735.0643940378595
D8,1972-10-06,1739.46,1734.6031286388263
D8,1972-10-07,1734.69,1733.134260949184
D8,1972-10-08,1732.07,1731.2642581123564
D8,1972-10-09,1730.44,1732.04
D80,1970-04-08,2480.2,2493.9082105678
D80,1970-04-09,2444.6,2493.4656915207597
D80,1970-04-10,2465.9,2493.330968511165
D80,1970-04-11,2500.6,2496.007269282262
D80,1970-04-12,2498.1,2500.2524937220633
D80,1970-04-13,2472.4,2501.7721386267967
D80,1970-04-14,2447.9,2496.1
D80,1970-04-15,2484.0,2493.9082105678
D80,1970-04-16,2472.5,2493.4656915207597
D80,1970-04-17,2472.5,2493.330968511165
D80,1970-04-18,2472.5,2496.007269282262
D80,1970-04-19,2472.5,2500.2524937220633
D80,1970-04-20,2472.5,2501.7721386267967
D80,1970-04-21,2429.33,2496.1
D81,1970-06-10,1566.2,1562.560566819315
D81,1970-06-11,1581.5,1561.739665299128
D81,1970-06-12,1583.6,1562.1606096068758
D81,1970-06-13,1584.0,1565.017958823666
D81,1970-06-14,1600.0,1566.4042011569538
D81,1970-06-15,1611.8,1565.731178044835
D81,1970-06-16,1617.0,1562.6
D81,1970-06-17,1611.6,1562.560566819315
D81,1970-06-18,1615.8,1561.739665299128
D81,1970-06-19,1624.4,1562.1606096068758
D81,1970-06-20,1631.9,1565.017958823666
D81,1970-06-21,1651.6,1566.4042011569538
D81,1970-06-22,1649.9,1565.731178044835
D81,1970-06-23,1650.32,1562.6
D82,1970-08-08,1100.7,1107.629461033551
D82,1970-08-09,1103.6,1108.5082822400032
D82,1970-08-10,1100.8,1108.3421241182652
D82,1970-08-11,1086.0,1108.122073370185
D82,1970-08-12,1083.5,1106.9849756708136
D82,1970-08-13,1085.0,1106.3338616087922
D82,1970-08-14,1100.8,1107.0
D82,1970-08-15,1108.8,1107.629461033551
D82,1970-08-16,1109.5,1108.5082822400032
D82,1970-08-17,1124.1,1108.3421241182652
D82,1970-08-18,1132.2,1108.122073370185
D82,1970-08-19,1130.6,1106.9849756708136
D82,1970-08-20,1137.0,1106.3338616087922
D82,1970-08-21,1141.1,1107.0
D83,1970-06-01,2875.0,2928.943938265759
D83,1970-06-02,2892.5,2939.3252633469288
D83,1970-06-03,2882.9,2942.708885456842
D83,1970-06-04,2796.5,2930.9736880032387
D83,1970-06-05,2864.0,2924.354286252393
D83,1970-06-06,2852.8,2929.837629508276
D83,1970-06-07,2930.0,2925.7
D83,1970-06-08,2948.4,2928.943938265759
D83,1970-06-09,2906.2,2939.3252633469288
D83,1970-06-10,2965.2,2942.708885456842
D83,1970-06-11,2938.0,2930.9736880032387
D83,1970-06-12,2957.0,2924.354286252393
D83,1970-06-13,2984.1,2929.837629508276
D83,1970-06-14,2926.9,2925.7
D84,1970-08-13,1709.8,1726.3810814019682
D84,1970-08-14,1703.6,1726.9265802093255
D84,1970-08-15,1696.3,1731.7536379249443
D84,1970-08-16,1706.7,1733.7623653863973
D84,1970-08-17,1711.5,1734.6433895757475
D84,1970-08-18,1717.6,1727.1231135365056
D84,1970-08-19,1696.6,1726.3
D84,1970-08-20,1684.9,1726.3810814019682
D84,1970-08-21,1694.0,1726.9265802093255
D84,1970-08-22,1702.3,1731.7536379249443
D84,1970-08-23,1698.9,1733.7623653863973
D84,1970-08-24,1707.3,1734.6433895757475
D84,1970-08-25,1716.9,1727.1231135365056
D84,1970-08-26,1719.93,1726.3
D85,1971-04-06,6220.5,6374.849292531247
D85,1971-04-07,6218.0,6354.947889863409
D85,1971-04-08,6308.0,6329.082584970577
D85,1971-04-09,6303.8,6387.688770926172
D85,1971-04-10,6287.0,6336.571623268406
D85,1971-04-11,6272.9,6371.241660264772
D85,1971-04-12,6283.3,6336.0
D85,1971-04-13,6295.4,6374.849292531247
D85,1971-04-14,6284.5,6354.947889863409
D85,1971-04-15,6279.3,6329.082584970577
D85,1971-04-16,6269.9,6387.688770926172
D85,1971-04-17,6266.6,6336.571623268406
D85,1971-04-18,6266.6,6371.241660264772
D85,1971-04-19,6266.6,6336.0
D86,1971-08-13,6979.3,7076.048693464629
D86,1971-08-14,6971.3,7064.343665193999
D86,1971-08-15,7030.5,7020.9772916117845
D86,1971-08-16,7056.9,7008.732295746621
D86,1971-08-17,7071.1,6995.71835452518
D86,1971-08-18,7067.2,7105.591509559381
D86,1971-08-19,7046.4,7082.8
D86,1971-08-20,7049.1,7076.048693464629
D86,1971-08-21,7099.0,7064.343665193999
D86,1971-08-22,7088.4,7020.9772916117845
D86,1971-08-23,7076.1,7008.732295746621
D86,1971-08-24,7074.8,6995.71835452518
D86,1971-08-25,7074.8,7105.591509559381
D86,1971-08-26,7074.8,7082.8
D87,1971-07-10,2116.0,2145.647149068019
D87,1971-07-11,2108.0,2146.7566762622882
D87,1971-07-12,2178.0,2150.6763606042646
D87,1971-07-13,2138.0,2146.407811194494
D87,1971-07-14,2133.0,2144.5599638572817
D87,1971-07-15,2096.0,2151.5785159661345
D87,1971-07-16,2114.0,2145.0
D87,1971-07-17,2157.0,2145.647149068019
D87,1971-07-18,2137.0,2146.7566762622882
D87,1971-07-19,2169.0,2150.6763606042646
D87,1971-07-20,2181.0,2146.407811194494
D87,1971-07-21,2196.0,2144.5599638572817
D87,1971-07-22,2181.0,2151.5785159661345
D87,1971-07-23,2155.0,2145.0
D88,1971-07-10,2198.0,2242.102277032172
D88,1971-07-11,2176.0,2243.5329579264967
D88,1971-07-12,2259.0,2246.8600257706353
D88,1971-07-13,2219.0,2242.516122731383
D88,1971-07-14,2209.0,2240.5953678797528
D88,1971-07-15,2168.0,2248.2012507836353
D88,1971-07-16,2182.0,2241.0
D88,1971-07-17,2228.0,2242.102277032172
D88,1971-07-18,2206.0,2243.5329579264967
D88,1971-07-19,2246.0,2246.8600257706353
D88,1971-07-20,2265.0,2242.516122731383
D88,1971-07-21,2275.0,2240.5953678797528
D88,1971-07-22,2250.0,2248.2012507836353
D88,1971-07-23,2215.0,2241.0
D89,1971-07-10,2017.0,2035.44488529908
D89,1971-07-11,2017.0,2035.7946307471107
D89,1971-07-12,2067.0,2040.789679182869
D89,1971-07-13,2043.0,2037.4460142736716
D89,1971-07-14,2026.0,2034.7539817150866
D89,1971-07-15,2004.0,2040.787668462978
D89,1971-07-16,2029.0,2035.0
D89,1971-07-17,2065.0,2035.44488529908
D89,1971-07-18,2050.0,2035.7946307471107
D89,1971-07-19,2083.0,2040.789679182869
D89,1971-07-20,2098.0,2037.4460142736716
D89,1971-07-21,2125.0,2034.7539817150866
D89,1971-07-22,2115.0,2040.787668462978
D89,1971-07-23,2117.0,2035.0
D9,1972-09-26,1584.41,1584.300220302017
D9,1972-09-27,1584.06,1585.903400932091
D9,1972-09-28,1590.77,1587.551377295619
D9,1972-09-29,1592.65,1587.098896050656
D9,1972-09-30,1589.63,1585.728976214074
D9,1972-10-01,1598.93,1584.03449716322
D9,1972-10-02,1596.45,1584.77
D9,1972-10-03,1603.53,1584.300220302017
D9,1972-10-04,1600.12,1585.903400932091
D9,1972-10-05,1586.6,1587.551377295619
D9,1972-10-06,1590.19,1587.098896050656
D9,1972-10-07,1585.83,1585.728976214074
D9,1972-10-08,1583.43,1584.03449716322
D9,1972-10-09,1581.94,1584.77
D90,1971-07-10,2029.0,2047.3752000653878
D90,1971-07-11,2030.0,2047.5520534562493
D90,1971-07-12,2073.0,2052.4956142030737
D90,1971-07-13,2050.0,2049.507445129146
D90,1971-07-14,2029.0,2046.7125081794734
D90,1971-07-15,2009.0,2052.860964363858
D90,1971-07-16,2037.0,2047.0
D90,1971-07-17,2072.0,2047.3752000653878
D90,1971-07-18,2060.0,2047.5520534562493
D90,1971-07-19,2094.0,2052.4956142030737
D90,1971-07-20,2110.0,2049.507445129146
D90,1971-07-21,2140.0,2046.7125081794734
D90,1971-07-22,2128.0,2052.860964363858
D90,1971-07-23,2129.0,2047.0
D91,1971-07-10,2024.0,2044.4780895791428
D91,1971-07-11,2021.0,2045.6172690471901
D91,1971-07-12,2085.0,2049.942197891845
D91,1971-07-13,2054.0,2046.1510303353346
D91,1971-07-14,2045.0,2043.8412173555896
D91,1971-07-15,2018.0,2049.8878325599103
D91,1971-07-16,2035.0,2044.0
D91,1971-07-17,2072.0,2044.4780895791428
D91,1971-07-18,2053.0,2045.6172690471901
D91,1971-07-19,2086.0,2049.942197891845
D91,1971-07-20,2096.0,2046.1510303353346
D91,1971-07-21,2121.0,2043.8412173555896
D91,1971-07-22,2109.0,2049.8878325599103
D91,1971-07-23,2107.0,2044.0
D92,1971-07-10,2049.0,2066.186123048021
D92,1971-07-11,2050.0,2066.183527402487
D92,1971-07-12,2087.0,2071.1848947747117
D92,1971-07-13,2063.0,2068.5897373827943
D92,1971-07-14,2040.0,2065.6360913276494
D92,1971-07-15,2018.0,2071.8883675545544
D92,1971-07-16,2048.0,2066.0
D92,1971-07-17,2081.0,2066.186123048021
D92,1971-07-18,2070.0,2066.183527402487
D92,1971-07-19,2102.0,2071.1848947747117
D92,1971-07-20,2119.0,2068.5897373827943
D92,1971-07-21,2150.0,2065.6360913276494
D92,1971-07-22,2138.0,2071.8883675545544
D92,1971-07-23,2140.0,2066.0
D93,1971-07-10,2255.0,2310.4459396637876
D93,1971-07-11,2223.0,2312.258821405805
D93,1971-07-12,2320.0,2314.812884474038
D93,1971-07-13,2280.0,2310.2340247771563
D93,1971-07-14,2266.0,2308.791903675095
D93,1971-07-15,2215.0,2316.626734444338
D93,1971-07-16,2225.0,2309.0
D93,1971-07-17,2271.0,2310.4459396637876
D93,1971-07-18,2251.0,2312.258821405805
D93,1971-07-19,2298.0,2314.812884474038
D93,1971-07-20,2320.0,2310.2340247771563
D93,1971-07-21,2324.0,2308.791903675095
D93,1971-07-22,2295.0,2316.626734444338
D93,1971-07-23,2257.0,2309.0
D94,1971-07-10,2126.0,2143.7750883174713
D94,1971-07-11,2129.0,2143.4041071600586
D94,1971-07-12,2149.0,2148.373881606535
D94,1971-07-13,2126.0,2146.3962327840163
D94,1971-07-14,2096.0,2143.7003786444916
D94,1971-07-15,2075.0,2150.0425038430963
D94,1971-07-16,2112.0,2144.0
D94,1971-07-17,2139.0,2143.7750883174713
D94,1971-07-18,2129.0,2143.4041071600586
D94,1971-07-19,2155.0,2148.373881606535
D94,1971-07-20,2175.0,2146.3962327840163
D94,1971-07-21,2210.0,2143.7003786444916
D94,1971-07-22,2197.0,2150.0425038430963
D94,1971-07-23,2200.0,2144.0
D95,1971-07-10,2100.0,2118.046749615641
D95,1971-07-11,2104.0,2117.7102500960837
D95,1971-07-12,2128.0,2122.6404351811916
D95,1971-07-13,2105.0,2120.612318070432
D95,1971-07-14,2078.0,2117.84745185041
D95,1971-07-15,2056.0,2124.103911228533
D95,1971-07-16,2091.0,2118.0
D95,1971-07-17,2119.0,2118.046749615641
D95,1971-07-18,2108.0,2117.7102500960837
D95,1971-07-19,2134.0,2122.6404351811916
D95,1971-07-20,2153.0,2120.612318070432
D95,1971-07-21,2188.0,2117.84745185041
D95,1971-07-22,2175.0,2124.103911228533
D95,1971-07-23,2177.0,2118.0
D96,1971-07-10,2014.0,2035.20183326467
D96,1971-07-11,2014.0,2036.0062638454076
D96,1971-07-12,2071.0,2040.686997146319
D96,1971-07-13,2045.0,2036.9863207485048
D96,1971-07-14,2032.0,2034.6678446465796
D96,1971-07-15,2007.0,2040.688716798235
D96,1971-07-16,2028.0,2034.9999999999998
D96,1971-07-17,2065.0,2035.20183326467
D96,1971-07-18,2047.0,2036.0062638454076
D96,1971-07-19,2081.0,2040.686997146319
D96,1971-07-20,2094.0,2036.9863207485048
D96,1971-07-21,2121.0,2034.6678446465796
D96,1971-07-22,2109.0,2040.688716798235
D96,1971-07-23,2110.0,2034.9999999999998
D97,1971-07-10,2074.0,2092.288846745623
D97,1971-07-11,2076.0,2092.0239451055577
D97,1971-07-12,2108.0,2096.9836287372973
D97,1971-07-13,2084.0,2094.78045458941
D97,1971-07-14,2058.0,2091.695725499433
D97,1971-07-15,2036.0,2097.9625463991156
D97,1971-07-16,2070.0,2092.0
D97,1971-07-17,2099.0,2092.288846745623
D97,1971-07-18,2089.0,2092.0239451055577
D97,1971-07-19,2118.0,2096.9836287372973
D97,1971-07-20,2136.0,2094.78045458941
D97,1971-07-21,2169.0,2091.695725499433
D97,1971-07-22,2157.0,2097.9625463991156
D97,1971-07-23,2158.0,2092.0
D98,1971-03-13,1826.8,1901.7069006143822
D98,1971-03-14,1792.1,1906.3135301841921
D98,1971-03-15,1873.8,1907.7793158420875
D98,1971-03-16,1819.8,1904.425698205585
D98,1971-03-17,1785.7,1903.152000092853
D98,1971-03-18,1744.1,1906.7654821332032
D98,1971-03-19,1790.2,1901.8000000000002
D98,1971-03-20,1830.8,1901.7069006143822
D98,1971-03-21,1812.5,1906.3135301841921
D98,1971-03-22,1858.6,1907.7793158420875
D98,1971-03-23,1865.4,1904.425698205585
D98,1971-03-24,1868.7,1903.152000092853
D98,1971-03-25,1828.8,1906.7654821332032
D98,1971-03-26,1790.9,1901.8000000000002
D99,1972-10-03,9802.5,9955.429361329736
D99,1972-10-04,9931.2,9948.31628866915
D99,1972-10-05,9935.6,9958.548229068001
D99,1972-10-06,9988.8,9963.214966162594
D99,1972-10-07,10210.8,9944.284590002766
D99,1972-10-08,10227.1,9953.512000401042
D99,1972-10-09,10284.2,9943.8
D99,1972-10-10,10326.3,9955.429361329736
D99,1972-10-11,10333.4,9948.31628866915
D99,1972-10-12,10178.7,9958.548229068001
D99,1972-10-13,10365.5,9963.214966162594
D99,1972-10-14,10347.6,9944.284590002766
D99,1972-10-15,10320.0,9953.512000401042
D99,1972-10-16,10330.6,9943.8
